50	出陣スロット半額
51	EXキャラ半額セール
52	必要XP½
100	トレジャーフェスティバル（日本編）
101	トレジャーフェスティバル（未来編）
102	統率力半額↓↓
103	謎の宅急便 報酬リセット
104	トレジャーフェスティバル（宇宙編）
105	統率力回復・ガマトト報酬の広告
106	ゴールド会員
107	にゃんこ神社
108	XP2倍広告
109	コンテ広告
110	福引ガチャ広告
111	アイテムショップ1万XP広告
112	統率力リターン↓↓
1000	月曜ステージ
1001	火曜ステージ
1002	水曜ステージ
1003	木曜ステージ
1004	金曜ステージ
1006	にゃんチケ★チャンス！
1007	逆襲のカバちゃん
1009	勤労感謝スペシャル！
1010	なんとクリスマスが来た！
1011	新年、あけました！おめっ...
1012	召喚された福！
1013	雛壇の戦士達
1014	紅のカタストロフ
1015	ダークネスヘブン
1016	国士無双
1017	狂乱のネコ降臨
1018	狂乱のタンク降臨
1019	狂乱のバトル降臨
1020	狂乱のキモネコ降臨
1021	狂乱のウシ降臨
1022	狂乱のトリ降臨
1023	狂乱のフィッシュ降臨
1024	狂乱のトカゲ降臨
1025	狂乱の巨神降臨
1026	春だよ！高校教師
1027	土日ステージ
1028	ゲリラ経験値にゃ！
1029	コイの五月病
1030	禁断の花嫁
1031	だって夏じゃニャーイ！
1032	あの世からの帰省ラッシュ！
1033	月イベントオールスターズ スペシャル記念！
1034	月イベントオールスターズ ウルトラ記念！
1035	月イベントオールスターズ ミラクル記念！
1036	町でみたすごい老人
1038	秋だよ運動会！
1039	天罰
1040	バースデープレゼント！その1
1041	バースデープレゼント！その2
1042	バースデープレゼント！その3
1043	鉄子の部屋
1044	ことよろにゃ！
1045	開眼の女優襲来！
1046	開眼のカンフー襲来！
1047	開眼のMr.襲来！
1048	開眼の猫縛り襲来！
1049	開眼の女王猫襲来！
1050	開眼の箱詰め襲来！
1051	開眼のパンツ襲来！
1052	開眼のリンリン襲来！
1053	開眼の忍者襲来！
1054	開眼のゾンビ襲来！
1055	開眼のさむらい襲来！
1056	開眼のスモウ襲来！
1057	開眼のフィーバー襲来！
1058	開眼のスカート襲来！
1059	超ゲリラ経験値にゃ！
1065	とびだす！にゃんこ大戦争
1066	絶望異次元
1067	TWその１
1068	2000万ダウンロード記念 ハッピープレゼント！
1069	極ムズカーニバル！
1070	月イベントオールスターズ ワンダフル記念！
1071	EN１
1073	ゲリラ月曜ステージ
1074	ゲリラ火曜ステージ
1075	ゲリラ水曜ステージ
1076	ゲリラ木曜ステージ
1077	ゲリラ金曜ステージ
1078	逆襲のカオル君
1079	イベントオールスターズ エクセレント記念！
1080	バースデープレゼント！
1082	ことよろにゃ！(ΦωΦ)
1083	開眼のにゃんこ成人襲来！
1084	開眼の吾輩は鬼である襲来！
1085	開眼のひなにゃんこ襲来！
1086	開眼のネコ乙女襲来！
1087	開眼のマジでコイしてる襲来！
1088	開眼のマダム・ザ・花嫁襲来！
1089	開眼の女王様の休日襲来！
1090	開眼のうらめしにゃん襲来！
1091	開眼のカンフーにゃんこＧ襲来！
1092	開眼のネコ運動会襲来！
1093	開眼のネコリーマン襲来！
1094	開眼のトナカイフィッシュ襲来！
1095	断罪天使クオリネル降臨
1096	緊急爆風警報
1097	進化の緑マタタビ
1098	進化の紫マタタビ
1099	進化の赤マタタビ
1100	進化の青マタタビ
1101	進化の黄マタタビ
1102	大狂乱のネコ降臨
1103	大狂乱のタンク降臨
1104	大狂乱のバトル降臨
1105	大狂乱のキモネコ降臨
1106	大狂乱のウシ降臨
1107	大狂乱のトリ降臨
1108	大狂乱のフィッシュ降臨
1109	大狂乱のトカゲ降臨
1110	大狂乱の巨神降臨
1111	弱り目に祟り目
1112	神判の日
1113	協賛BitSummit記念！
1114	オーバーテクノロジー
1115	ときめき夏祭り
1116	謎の宅配便
1117	地獄門
1118	マタタビチャレンジ
1119	女帝飛来
1120	極ムズカーニバル2！
1122	ローリングデッド
1123	バースデープレゼント！
1124	極ゲリラ経験値にゃ！
1125	にゃんこ雪まつり
1126	ことよろにゃ！(ΦωΦ)
1128	亡者デブウ降臨
1129	謎のイースター
1130	開眼のちびネコ襲来！
1131	開眼のちびタンクネコ襲来！
1132	開眼のちびバトルネコ襲来！
1133	開眼のちびキモネコ襲来！
1134	開眼のちびウシネコ襲来！
1135	開眼のちびネコノトリ襲来！
1136	開眼のちびネコフィッシュ襲来！
1137	開眼のちびネコトカゲ襲来！
1138	開眼のちびネコ巨神襲来！
1139	謎のプレゼント
1140	黄金週間ゴールデンウィーク
1141	協賛BitSummit記念！
1143	開眼のにゃんこカート襲来！
1144	開眼のネコンドー襲来！
1145	3000万ダウンロード記念 ハッピープレゼント！
1146	イベントオールスターズ グレイト記念！
1147	謎のプレゼント2
1148	開眼のネコフラワー襲来！
1149	サマーレッスン
1150	レンガと宇宙石の洞窟
1151	備長炭と謎の骨の島
1152	羽根と歯車と黄金の岬
1153	開眼のにゃんこバーガー襲来！
1154	秋色シルバーウィーク
1155	超極ゲリラ経験値にゃ！
1156	バースデープレゼント！
1157	絶望新次元
1158	チワワン伯爵降臨
1159	ことよろにゃ！(ΦωΦ)
1160	がんばれ！受験大戦争
1161	狂乱のもねこ降臨
1162	進化の古代マタタビ
1163	協賛BitSummit記念！
1164	じめじめなめなめ大進撃！
1165	続・禁断の花嫁
1166	だって超夏じゃニャーイ！
1167	あの世へのUターンラッシュ！
1168	町でみたすごい老人２
1169	絶・紅のカタストロフ
1170	夜だよ！大運動会
1171	働き方レボリューション
1172	絶・ダークネスヘブン
1173	大逆襲のメタックマ
1174	文化祭グルメ戦争
1175	宇宙からもクリスマスが来た！
1176	絶・国士無双
1177	夜は短し夢みよ乙女
1182	イベントオールスターズ スーパープレゼントDX
1183	バースデープレゼント！
1184	新年、あけてました。おめっ...
1185	絶・天罰
1186	さらに召喚された福！
1187	絶・鉄子の部屋
1188	ことよろにゃ！(ΦωΦ)
1189	台風零号
1190	極ムズカーニバル3！
1191	4000万ダウンロード記念 ハッピープレゼント！
1192	雛壇の戦士達SP
1193	絶・絶望異次元
1194	新・春だよ！高校教師
1195	絶・緊急爆風警報
1196	絶・断罪天使クオリネル降臨
1197	コイの五月病アゲイン
1198	絶・ローリングデッド
1199	絶・地獄門
1200	にゃんこグミ大戦争
1201	絶・女帝飛来
1202	協賛BitSummit記念！
1203	絶・絶望新次元
1204	謎の宅配便
1205	絶・亡者デブウ降臨
1206	ふたりで！にゃんこ大戦争
1207	絶・チワワン伯爵降臨
1208	大乱闘狂乱ファミリーズ
1209	にゃんにゃん記念日
1214	絶・夜は短し夢みよ乙女
1215	ブルーインパクト
1216	バースデープレゼント！
1217	奈落門
1218	謎の宅配便
1219	聖者ポプウ降臨
1220	古王妃飛来
1221	ことよろにゃ！(ΦωΦ)
1222	進化の虹マタタビ
1223	2019年最多出演敵ベスト５！
1226	ほの暗い沼の底から
1228	5000万ダウンロード記念 ハッピープレゼント！
1229	綺羅星ペロ降臨
1230	バースデープレゼント!
1231	死霊妖精クオリネム降臨
1232	はじめてのお遣い
1234	大乱闘 春イベスペシャル
1235	大乱闘 夏イベスペシャル
1236	大乱闘 秋イベスペシャル
1237	大乱闘 冬イベスペシャル
1243	絶・ほの暗い沼の底から
1244	バースデープレゼント!
1245	2020年最多出演敵ベスト５！
1246	破滅への序曲
1247	絶・台風零号
1249	ネコウエハース降臨
1250	終末ノ連戦場
1251	天使と般若
1252	女帝と亡者
1253	伯爵と乙女
1254	6000万ダウンロード記念 ハッピープレゼント！
1255	魔導書の示す場所
1256	異界のしもべ
1257	ネコの解放
1258	タンクネコの解放
1259	メガサターン
1260	熱血！大玉転がし
1261	熱血！障害物競走
1262	熱血！二人三脚バトル 低学年
1263	熱血！二人三脚バトル 中学年
1264	熱血！二人三脚バトル 高学年
1265	デーモンパーク
1266	バトルネコの解放
1268	ネコたちの解放
1269	女王の研究報告１
1270	女王の研究報告２
1271	女王の研究報告３
1272	誘惑のシンフォニー
1273	羅生門
1274	進化の悪マタタビ
1275	女王の研究報告４
1276	女王の研究報告５
1277	女王の発掘調査１
1278	女王の発掘調査２
1279	女王の発掘調査３
1280	女王の発掘調査４
1281	女王の発掘調査５
1282	Q1.箱の中身クイズ
1283	Q5.時の運クイズ
1284	バースデープレゼント！
1285	2021年最多出演敵ベスト５！
1286	お年玉襲来！
1287	闇討ちの戦い
1288	春節ハッピープレゼント！
1289	烈火の乱
1290	後輩からの本命チョコ
1291	先輩からの本命チョコ
1292	幼なじみからの本命チョコ
1296	絶・奈落門
1297	僕らのバレンタイン戦争
1298	Season2～トキメキ文化祭～
1299	Season3～修学旅行～
1300	Weekend～告白～
1301	Weekend～告白～
1302	Weekend～告白～
1303	Season4～卒業の日～
1304	7000万ダウンロード記念 ハッピープレゼント！
1305	亡者と河豚
1306	女帝と乙女
1307	伯爵と天使
1308	#03「13日は何曜日」
1309	#04「ネコ鳴村」
1312	密林の異変
1313	砂漠の怪異
1314	火山の脅威
1315	トントンムシ相撲 予選
1316	トントンムシ相撲 準々決勝
1317	トントンムシ相撲 準決勝
1318	トントンムシ相撲 決勝
1319	超極悪ゲリラ経験値にゃ！
1320	#02 お菓子争奪戦
1321	#04 恐怖の悪戯計画
1322	第2部 敵軍団行進
1323	第5部 名曲パレード
1324	バースデープレゼント!
1325	第一夜 働くニャンタクロース
1326	進化の虹獣石
1327	2022年最多出演敵ベスト５！
1328	8000万ダウンロード記念 ハッピープレゼント！
1329	After Story～卒業の日～
1330	Weekend～告白リベンジ～
1331	Weekend～告白リベンジ～
1332	Weekend～告白リベンジ～
1333	密林の異変Ⅱ
1334	砂漠の怪異Ⅱ
1335	火山の脅威Ⅱ
1336	アンデッドハザード
1337	開眼のネコエッグ襲来！
1338	絶・綺羅星ペロ降臨
1339	ちびネコ大試練
1340	大魔王ニャンダム大降臨
1341	バースデープレゼント
1342	絶・メガサターン
1343	#02「恐怖の披露宴」
1344	夏の終わり、宿題
1345	密林の異変Ⅲ
1346	砂漠の怪異Ⅲ
1347	火山の脅威Ⅲ
1348	三途の沼のヌシ大降臨
1349	機械の反乱軍
1350	極悪のネコ降臨
1351	極悪のタンク降臨
1352	極悪のバトル降臨
1353	極悪のキモネコ降臨
1354	極悪のウシ降臨
1355	極悪のトリ降臨
1356	極悪のフィッシュ降臨
1357	極悪のトカゲ降臨
1358	極悪の巨神降臨
1359	熱血！リレー大会
1360	第2章 ツボ洞窟の死闘
1361	第5章 わんわん城の戦い
1362	最終章 決戦！わんわん大王
1363	バースデープレゼント！
1364	第三夜 聖夜のプレゼント再配達
1365	2023年最多出演敵ベスト５！
1366	雪やわんわん
1367	春節セールの戦い
1368	9000万ダウンロード記念 ハッピープレゼント！
1369	厄災のわんわん王国
1370	バースデープレゼント！
1372	週末ハネムーン 1週目
1373	週末ハネムーン 2週目
1374	週末ハネムーン 最終週
1375	絶・はじめてのお遣い
1376	大乱闘極悪ファミリーズ
1377	阿亀と赤子
1378	王子と死霊
1379	蜜江と聖者
1380	夏の夜、帰り道
1381	絶・聖者ポプウ降臨
1382	ジャングルサバイバル
1383	絶・古王妃飛来
1384	開眼のネコ屋台襲来！
1385	天下統一への道 ～前編～
1386	合戦！武将ニャンダム
1387	合戦！武将般若我王
1388	天下統一への道 ～後編～
1389	決戦！反逆の戦国魔王
1390	バースデープレゼント！
1391	超拳獣ブンナグリオス大降臨
1392	2024年思い出アルバム
1393	絶・死霊妖精クオリネム降臨
1394	ネコヴァルキリー大試練
1395	ネコムート大試練
1396	1億ダウンロード記念 ハッピープレゼント！
1397	チョコサプ降臨
1398	黒船来航
1399	赤船来航
1400	蒼船来航
1401	開国してください
1402	【限定】ご来店プレゼント！
1403	謎の宅配便
1404	絶・誘惑のシンフォニー
1405	破天候予報
1406	ジャンボーグ鈴木大降臨
1407	豪遊リゾートランド
1408	サウナスパで極楽
1409	1億1000万ダウンロード記念 ハッピープレゼント！
1410	大花火大会開催！
1	
1	
2000	ふるさと自衛隊
2001	魅惑のプリンセス
2002	ケリ姫ステージ
2003	黎明期からの使者
2004	拡散性ミリオンアーサー
2005	ドラゴンポーカー
2006	ラスボス降臨!?
2007	地獄のメルクストーリア
2008	対決！メルクストーリア
2009	ドラゴンリーグ
2010	超激突！氣志團！！
2012	開眼のドロイド襲来！
2016	極道大戦争
2018	開眼の癒術士襲来！
2019	モンハン大狩猟クエスト
2020	【緊急】モンハン大狩猟クエスト
2021	メタルスラッグディフェンス
2022	超メタルスラッグディフェンス
2023	神略！ゆるドラシル
2024	城とドラゴン
2025	開眼の城とドラゴン
2026	難攻不落の城とドラゴン
2027	まもるよネコさん
2029	なめこからの挑戦状
2030	ふてたネコあらわる
2036	突撃！キャットバスターズ
2037	開眼の歌謡にゃんこ襲来！
2038	ピコ太郎
2039	TWその２
2040	ナゾのウサギ登場!?
2041	ALICEの入り口
2042	月夜のオールドシティ
2043	開眼のケリ姫襲来！
2044	開眼の眠れるケリの美女襲来！
2046	開眼のメルク襲来！
2047	開眼のティティ襲来！
2049	ぐでぐでしてます
2050	どうせ食べられるだけだし
2051	ＴＷその３
2052	聖杯戦争の始まり
2058	パワフル高校2年の夏
2059	ダイジョーブ博士の挑戦状
2060	デートステージ 猫塚かりん
2061	デートステージ 紺野美崎
2062	デートステージ 虹谷彩理
2063	デートステージ 片桐恋
2064	つくね荘からの挑戦状
2065	発進！エヴァンゲリオン
2066	決戦！ヤシマ作戦
2069	ポコ森の仲間たち
2070	仲良し３人組
2071	太秦萌の通学
2072	松賀咲の通学
2073	小野ミサの通学
2074	地下鉄に乗るっ
2076	ぐでぐでしてて忙しい
2077	開眼のぐでたまにゃんこ襲来！
2078	城ドラ VS 城ドラ
2079	キモ激しく動くクマ
2080	ケットバス王国の教え
2082	女王暴走
2083	ヒカキン降臨
2084	開眼のヒカキン襲来！
2085	逆襲のメルクストーリア
2086	神秘のメルクストーリア
2087	超激闘！セイバーオルタ襲来！
2088	生きろ！マンボウ！
2089	３億匹の仲間はみな死んだ
2092	聖魔大戦勃発！
2093	ビックリマンチョコ
2094	対決！魔幻モデル
2095	覚醒！ヤマト爆神
2096	ゆる～い！ねこ娘襲来！
2097	ゆる～いゲゲゲの鬼太郎
2100	激闘！スイーツ大戦争
2106	ドットヒーローズ
2125	７周年★東京スカイツリー
2126	初音ミク
2127	MIKU EXPO
2128	MIKU CHERRY
2132	にゃんこ大泥棒
2133	U.F.O.襲来！
2134	初音ミクの誕生日！
2135	ストリートファイター EASY
2136	ストリートファイター NORMAL
2137	ストリートファイター HARD
2138	New Challenger （VSエドモンド本田 初級）
2139	New Challenger （VSエドモンド本田 激ムズ）
2140	New Challenger （VSバイソン 中級）
2141	New Challenger （VSバイソン 超激ムズ）
2142	New Challenger （VSバルログ 中級）
2143	New Challenger （VSバルログ 超激ムズ）
2144	New Challenger （VSサガット 中級）
2145	New Challenger （VSサガット 超激ムズ）
2146	New Challenger （VSベガ 中級）
2147	New Challenger （VSベガ 超激ムズ）
2148	New Challenger （VSリュウ 初級）
2149	New Challenger （VSリュウ 激ムズ）
2150	New Challenger （VS春麗 初級）
2151	New Challenger （VS春麗 激ムズ）
2152	New Challenger （VSガイル 初級）
2153	New Challenger （VSガイル 激ムズ）
2154	New Challenger （VSザンギエフ 初級）
2155	New Challenger （VSザンギエフ 激ムズ）
2156	New Challenger （VSブランカ 初級）
2157	New Challenger （VSブランカ 激ムズ）
2158	New Challenger （VSダルシム 初級）
2159	New Challenger （VSダルシム 激ムズ）
2160	New Challenger （VSケン 初級）
2161	New Challenger （VSケン 激ムズ）
2162	New Challenger （拳を極めし者 超上級）
2163	SNOW MIKU
2164	波乱！天道道場
2165	伝説の呪泉郷
2166	消滅都市 ～ロストへ～
2167	開眼のタクヤとユキ
2168	失われし世界
2169	タマシイの都
2170	天上の世界
2171	決戦！巨大生物ゴジラ
2172	ゴジラ対にゃんこ
2173	魔法少女になってよ
2174	続・魔法少女になってよ
2178	くるみ割りの魔女
2179	秋華賞（ＧⅠ）
2180	菊花賞（ＧⅠ）
2181	天皇賞（秋）（ＧⅠ）
2182	有馬記念（ＧⅠ）
2183	高雄メトロ レッドライン
2184	高雄ライトレール
2185	協賛BitSummit記念！
2186	対決！玉狛第２のリーダー
2187	対決！玉狛第２のエース
2188	VS訓練用モールモッド
2189	New Challenger
2190	New Challenger
2191	New Challenger
2192	New Challenger
2193	ストリートファイター VERY HARD
2194	激闘！セイバー襲来！
2195	激闘！ランサー襲来！
2196	激闘！アーチャー襲来！
2197	激闘！ライダー襲来！
2198	大激闘！ギルガメッシュ襲来！
2199	救出！にゃんこ仮面ライダー
2200	救出！ゴジラにゃんこ
2201	救出！エヴァンゲリオンにゃんこ
2202	救出！ウルトラマンにゃんこ
2203	シン・にゃんこ・ヒーローズ
2204	開眼の赤髪のゆきにゃん襲来！
2205	第９の使徒、襲来
2206	第１０の使徒、襲来
2207	エヴァ第１３号機、襲来
2208	最終決戦 エヴァ第１３号機
2209	さらば、全てのにゃんこ。
2210	週末ライブ DAY1
2211	週末ライブ DAY2
2216	るろうに剣心
2217	剣心・緋村抜刀斎
2218	喧嘩の男・相楽左之助
2219	牙を剥く狼・斎藤一
2220	魔女の結界 ～薔薇園の魔女～
2221	魔女の結界 ～お菓子の魔女～
2222	魔女の結界 ～ハコの魔女～
2223	地上最強の男たち
2224	グリーンヒルゾーン
2225	ケミカルプラントゾーン
2226	スカイサンクチュアリ
2227	第９の使徒、襲来
2228	第１０の使徒、襲来
2229	エヴァ第１３号機、襲来
2	
2	
2	
2	
2	
2	
2	
2	
2	
24012	ことよろにゃ強襲！(ΦωΦ)
24013	バレンタイン強襲！
24014	イースター強襲！
24015	6月強襲！
24016	続・6月強襲！
24017	7月強襲！
24018	続・7月強襲！
24019	ねこのなつやすみ
24020	ヒュージゴマ強襲
24021	8月強襲！
24022	続・8月強襲！
24023	9月強襲！
24024	続・9月強襲！
24025	10月強襲！
24026	続・10月強襲！
24027	ジャイアント黒蔵強襲
24028	11月強襲！
24029	続・11月強襲！
24030	12月強襲！
24031	続・12月強襲！
24032	1月強襲！
24033	続・1月強襲！
24034	ギガガガ強襲
24035	デッカーバチャン強襲
24036	ことよろにゃ強襲！(ΦωΦ)
24037	大天使エクスエル強襲
24038	ビッグペンZ強襲
24039	2月強襲！
24040	続・2月強襲！
24041	お祭りにゃんこ ～春節編～
24043	3月強襲！
24044	続・3月強襲！
24045	強襲！義理チョコ軍団
24046	4月強襲！
24047	続・4月強襲！
24048	Season1 ～学園生活～
24049	月イベントオールスターズ スター大集合大感謝祭！
24050	5月強襲！
24051	続・5月強襲！
24052	#01「悪霊の式場」
24053	決闘チャレンジ
24054	タッグ闘技チャレンジ
24055	秘宝の眠る孤島
24056	#03 ハロウィン百鬼夜行
24057	第1部 10年の軌跡パレード
24058	第二夜 聖夜のプレゼント配達
24059	ことよろにゃ強襲！(ΦωΦ)
24061	オーメンズ強襲
24062	第1章 ネコたちの冒険
24063	ことよろにゃ強襲！(ΦωΦ)
24064	ネコたちの大逆襲
24065	大型土器ダイハニワン強襲
24066	わんわん王国の異変
24067	ねこのなつやすみ サバイバル
24068	#01 ゴーストパニック
24069	ことよろにゃ強襲！(ΦωΦ)
24070	特売バトルロード
24071	ねこのなつやすみ サバイバル
24072	島を守りし者強襲！
24073	ねこのなつやすみ パラダイス
24074	1億1000万ダウンロード記念 セレブレーション！
24	
24	
24	
24	
24	
24	
24	
24	
27000	メシエ 強襲！
27001	U.F.O.軍団 強襲！
27002	悪魔軍 強襲 !
27003	天使軍 強襲 !
27004	強襲のメルクストーリア
27005	強襲！電子の歌姫
27007	使徒強襲
27009	ワルプルギスの夜
27010	めざせＧＩ にゃんこ競馬
27011	強襲！城とドラゴン
27012	強襲！らんま1/2
27013	ハマンボ崎あゆみ 強襲！
27014	サーヴァント強襲！
27015	強襲！メタルスラッグ
27017	強襲！御頭・四乃森蒼紫
27018	VS花山薫
27019	VS愚地克巳
27020	VS烈海王
27021	VSジャック・ハンマー
27022	VS範馬刃牙
27023	ラジカルハイウェイ
27024	エヴァ量産機強襲
27	
27	
27	
27	
27	
25000	アテイム古戦場
25001	ビタミン渓谷
25002	にゃんチケ★ハンター
25003	精神と時間の小屋
25004	精神と時間の洞窟
25005	精神と時間の迷宮
25006	ねこの目洞窟
25007	ビタミン火山
25008	にゃんチケ★ハンターG
25009	紅き本能の起源
25010	紅き本能の頂
25011	紅き本能の秘境
25012	浮ける本能の起源
25013	浮ける本能の頂
25014	浮ける本能の秘境
25015	黒き本能の起源
25016	黒き本能の頂
25017	黒き本能の秘境
25018	聖なる本能の起源
25019	聖なる本能の頂
25020	聖なる本能の秘境
25021	蒼き本能の起源
25022	蒼き本能の頂
25023	蒼き本能の秘境
25024	朽ちた本能の起源
25025	朽ちた本能の頂
25026	朽ちた本能の秘境
25027	硬き本能の起源
25028	硬き本能の頂
25029	硬き本能の秘境
25030	おんぼろ秘密基地
25031	イケてる秘密基地
25032	かんぺきな秘密基地
25051	おんぼろ秘密基地
25052	おんぼろ秘密基地
25053	おんぼろ秘密基地
25054	イケてる秘密基地
25055	イケてる秘密基地
25056	イケてる秘密基地
25057	かんぺきな秘密基地
25058	かんぺきな秘密基地
25059	かんぺきな秘密基地
25060	狩人の地図Ⅰ
25061	狩人の地図Ⅱ
25062	狩人の地図Ⅲ
25063	悪しき本能の起源
25064	悪しき本能の頂
25065	悪しき本能の秘境
25066	狩人の地図Ⅳ
25067	古き本能の起源
25068	古き本能の頂
25069	古き本能の秘境
25070	再会の地図
25071	再会の地図
25072	再会の地図
25	
25	
25	
7000	風雲にゃんこ塔
7001	にゃんこ別塔【赤】
7002	にゃんこ別塔【黒】
7003	にゃんこ別塔【天】
7004	にゃんこ別塔【蒼】
7005	にゃんこ別塔【屍】
7006	異界にゃんこ塔
7007	にゃんこ別塔【無】
7008	にゃんこ別塔【悪】
7009	にゃんこ別塔【古】
7010	黄金にゃんこ塔
7	
11000	ランキングの間（赤てん大会）
11001	ランキングの間（メン・イン・ブラック大会）
11002	ランキングの間（不死鳥大会）
11003	ランキングの間（5周年記念大会）
11004	ランキングの間（無気力修行）
11005	ランキングの間（6周年記念大会）
11006	ランキングの間（乱闘！サーヴァント大襲来！）
11007	ランキングの間（おさかな天国）
11008	ランキングの間（襲来！ケリ姫軍団）
11009	ランキングの間（城とドラゴンと道場）
11011	ランキングの間（ドラキュラ大会）
11012	ランキングの間（天空武闘大会）
11013	ランキングの間（宇宙よりの死者大会）
11015	ランキングの間（7周年記念大会）
11016	ランキングの間（みくみく歌謡祭）
11017	超・ランキングの間（絶体絶命大会）
11018	ランキングの間（俺より強いやつに会いに行く）
11019	ランキングの間（8周年記念大会）
11020	ランキングの間【外伝】（赤てん大会）
11021	ランキングの間【外伝】（メン・イン・ブラック大会）
11022	ランキングの間【外伝】（不死鳥大会）
11023	ランキングの間（9と1/2周年記念大会）
11024	ランキングの間（10と1/2周年記念大会）
11025	ランキングの間（11と1/2周年記念大会）
11026	超ランキングの間（射程注意大会）
11027	ランキングの間（明治剣客浪漫大会）
11028	超ランキングの間（波動注意大会）
11029	ランキングの間（12と1/2周年記念大会）
11030	極ランキングの間（闘争本能大会[攻撃力ダウン]）
11031	ランキングの間（史上最強生物決定戦ッッ！）
11032	ランキングの間（ソニックバトル！）
11033	極ランキングの間（闘争本能大会[ふっとばす]）
11034	超ランキングの間（停止注意大会）
11035	極ランキングの間（闘争本能大会[めっぽう強い]）
11	
6000	初心の間
6001	ニコニコの間
6	
31000	ガープラ密林
31001	アシビニ砂漠
31002	ジャンフォレ火山
31	
36000	異次元コロシアム【おこづかい制】
36001	異次元コロシアム【生産スピード統一】
36002	異次元コロシアム【レア度代表戦】
36003	異次元コロシアム【ワンコイン】
36004	異次元コロシアム【特売セール　激レア】
36005	異次元コロシアム【生産キャラ数制限】
36006	異次元コロシアム【生産スピード統一】
36007	異次元コロシアム【超特売セール　EX】
36008	異次元コロシアム【プラスワン 超激レア】
36009	異次元コロシアム【レア度代表戦】
36010	異次元コロシアム【にゃんこ砲超強化】
36011	異次元コロシアム【等速直線運動】
36012	異次元コロシアム【プラスワン EX】
36013	異次元コロシアム【限定超特売 超激レア】
36014	異次元コロシアム【現品限り】
36	
36	
36	
16000	レジェンドクエスト
37000	にゃんこ道検定 初段
37001	にゃんこ道検定 二段
37002	にゃんこ道検定 三段
37003	にゃんこ道検定 四段
37004	にゃんこ道検定 五段
37005	にゃんこ道検定 六段
37006	にゃんこ道検定 七段
37007	にゃんこ道検定 八段
37008	にゃんこ道検定 九段
37009	にゃんこ道検定 十段
37010	にゃんこ道検定 十一段
37011	にゃんこ道検定 十二段
37	
37	
12000	チャレンジバトル
33000	地底迷宮グランドアビス
37	
37	37
37	37
14000	進化の黄マタタビ
14001	進化の青マタタビ
14002	進化の赤マタタビ
14003	進化の紫マタタビ
14004	進化の緑マタタビ
14005	逆襲のカオル君
14006	逆襲のカバちゃん
14007	にゃんチケ★チャンス！
14008	超極ゲリラ経験値にゃ！
14009	極ゲリラ経験値にゃ！
14010	超ゲリラ経験値にゃ！
14011	ゲリラ経験値にゃ！
14012	断罪天使クオリネル降臨
14013	地獄門
14014	女帝飛来
14015	亡者デブウ降臨
14016	チワワン伯爵降臨
14017	夜は短し夢みよ乙女
14018	紅のカタストロフ
14019	ダークネスヘブン
14020	国士無双
14021	天罰
14022	鉄子の部屋
14023	絶望異次元
14024	狂乱のネコ降臨
14025	狂乱のタンク降臨
14026	狂乱のバトル降臨
14027	狂乱のキモネコ降臨
14028	狂乱のウシ降臨
14029	狂乱のトリ降臨
14030	狂乱のフィッシュ降臨
14031	狂乱のトカゲ降臨
14032	狂乱の巨神降臨
14033	ブルーインパクト
14034	狂乱のもねこ降臨
14035	緊急爆風警報
14036	ローリングデッド
14037	台風零号
14038	メガサターン
14039	ほの暗い沼の底から
14040	大狂乱のネコ降臨
14041	大狂乱のタンク降臨
14042	大狂乱のバトル降臨
14043	大狂乱のキモネコ降臨
14044	大狂乱のウシ降臨
14045	大狂乱のトリ降臨
14046	大狂乱のフィッシュ降臨
14047	大狂乱のトカゲ降臨
14048	大狂乱の巨神降臨
14049	絶望新次元
14050	超極悪ゲリラ経験値にゃ！
14051	進化の悪マタタビ
	
	
	
	
26000	地図グループ0
26001	地図グループ1
26002	地図グループ2
26003	地図グループ3
26004	地図グループ4
26005	地図グループ5
26006	地図グループ6
26007	地図グループ7
26008	地図グループ8
26009	地図グループ9
26010	地図グループ10
26011	地図グループ11
26012	地図グループ12
26013	地図グループ13
26014	地図グループ14
26015	地図グループ15
26016	地図グループ16
26017	地図グループ17
26018	地図グループ18
26019	地図グループ19
26020	地図グループ20
26021	地図グループ21
26022	地図グループ22
26023	地図グループ23
26024	地図グループ24
26025	地図グループ25
26026	地図グループ26
26027	地図グループ27
	
18000	にゃんこスロット
18001	にゃんこスロット
18002	にゃんこスロット
18003	にゃんこスロット
18004	にゃんこスロット
18005	にゃんこスロット
18006	にゃんこスロット
18007	にゃんこスロット
18008	にゃんこスロット
18009	にゃんこスロット
18010	にゃんこスロット
18011	にゃんこスロット
18012	にゃんこスロット
18013	にゃんこスロット
	
3000	日本編1章
3001	日本編2章
3002	日本編3章
3003	未来編1章
3004	未来編2章
3005	未来編3章
3006	宇宙編1章
3007	宇宙編2章
3008	宇宙編3章
	
5000	ガマトト（XP大収穫祭 初級）
5001	ガマトト（XP大収穫祭 中級）
5002	ガマトト（XP大収穫祭 上級）
5003	ガマトト（ねこの目洞窟）
5004	ガマトト（消滅都市）
5005	ガマトト（NERV本部）
5006	ガマトト（崩壊後の世界）
5007	ガマトト（不思議な泉）
5008	ガマトト（XP超収穫初級）
5009	ガマトト（XP超収穫中級）
5010	ガマトト（XP超収穫上級）
5011	ガマトト（超ねこの目洞窟）
5012	ガマトト（XP超収穫超上級）
5013	ガマトト（神谷道場）
	
18100	にゃんこスクラッチ
18101	にゃんこスクラッチ
18102	にゃんこスクラッチ
18103	にゃんこスクラッチ
18104	にゃんこスクラッチ
18105	にゃんこスクラッチ
18106	にゃんこスクラッチ
18107	にゃんこスクラッチ
18108	にゃんこスクラッチ
18109	にゃんこスクラッチ
18110	にゃんこスクラッチ
	
19000	ネコ基地トーク
19001	ネコ基地トーク
19002	ネコ基地トーク
19003	ネコ基地トーク
19004	ネコ基地トーク
19005	ネコ基地トーク
19006	ネコ基地トーク
19007	ネコ基地トーク
19008	ネコ基地トーク
19009	ネコ基地トーク（伝説の花束×50）
19010	ネコ基地トーク